Shipment_ID,Region,Transport_Mode,Priority,Shipment_Volume_kg,Distance_km,Delivery_Time_days,Delay_days,On_Time,Transport_Cost_INR,Fuel_Cost_INR,Warehouse_Cost_INR,Total_Logistics_Cost_INR
SHP1001,East,Road,Standard,1427.0,1355.0,25.44,1.58,No,108.42,26.12,44.74,179.28
SHP1002,West,Rail,Standard,1119.0,177.0,3.7,0.0,Yes,80.0,25.64,21.56,127.2
SHP1003,North,Road,Standard,688.0,875.0,18.36,2.17,No,140.98,44.96,17.28,203.22
SHP1004,East,Rail,Standard,1646.0,379.0,5.43,1.5,No,80.0,24.72,52.37,157.09
SHP1005,East,Sea,Express,1401.0,205.0,6.5,2.15,No,80.0,24.51,41.55,146.06
SHP1006,West,Road,Express,409.0,2475.0,44.73,0.0,Yes,150.32,34.39,10.57,195.28
SHP1007,North,Road,Standard,1831.0,840.0,16.31,3.34,No,80.0,15.44,49.08,144.52
SHP1008,North,Air,Standard,1663.0,2034.0,5.66,1.11,No,80.0,19.56,41.85,141.41
SHP1009,East,Road,Express,1905.0,674.0,12.68,2.61,No,80.0,16.62,39.91,136.53
SHP1010,South,Road,Standard,1479.0,1720.0,32.33,0.56,Yes,149.92,43.66,38.9,232.48
SHP1011,East,Road,Standard,1265.0,1913.0,34.15,2.46,No,80.0,18.83,36.4,135.23
SHP1012,East,Road,Standard,895.0,1509.0,29.33,0.45,Yes,255.41,85.84,29.06,370.31
SHP1013,East,Sea,Standard,1872.0,1205.0,36.2,0.53,Yes,80.0,22.6,51.9,154.5
SHP1014,East,Air,Express,1746.0,1059.0,4.43,3.06,No,390.64,121.72,52.77,565.13
SHP1015,West,Rail,Express,186.0,905.0,12.76,0.71,Yes,80.0,16.1,3.39,99.49
SHP1016,North,Sea,Standard,150.0,2327.0,67.75,1.47,No,80.0,25.43,3.63,109.06
SHP1017,West,Air,Standard,815.0,2085.0,4.51,2.12,No,80.0,26.21,12.38,118.59
SHP1018,West,Road,Standard,1640.0,2414.0,46.78,2.1,No,144.89,37.37,32.69,214.95
SHP1019,West,Sea,Standard,1976.0,355.0,11.03,1.05,No,80.0,22.16,58.35,160.51
SHP1020,East,Rail,Standard,386.0,1841.0,27.63,1.86,No,148.48,44.9,13.45,206.83
SHP1021,South,Air,Standard,1229.0,2349.0,5.34,3.65,No,182.64,37.98,20.87,241.49
SHP1022,North,Sea,Standard,824.0,494.0,15.34,0.84,Yes,80.0,20.83,18.98,119.81
SHP1023,South,Road,Standard,1943.0,213.0,4.34,1.45,No,80.0,19.5,60.24,159.74
SHP1024,West,Road,Standard,1700.0,1866.0,35.16,2.65,No,84.39,17.17,32.44,134.0
SHP1025,West,Road,Express,1693.0,1457.0,27.98,2.36,No,120.86,28.86,44.19,193.91
SHP1026,South,Road,Express,991.0,2112.0,37.37,2.79,No,80.0,15.27,29.39,124.66
SHP1027,South,Air,Standard,888.0,392.0,1.76,1.54,No,80.0,14.73,24.26,118.99
SHP1028,South,Sea,Standard,619.0,1998.0,57.25,0.11,Yes,106.89,21.55,11.61,140.05
SHP1029,West,Road,Standard,207.0,544.0,12.32,2.88,No,80.0,26.73,4.58,111.31
SHP1030,West,Rail,Standard,1743.0,451.0,5.62,0.0,Yes,80.0,21.43,53.47,154.9
SHP1031,North,Road,Standard,1645.0,452.0,8.55,1.55,No,80.0,26.76,42.91,149.67
SHP1032,North,Road,Express,1999.0,2046.0,37.85,0.85,Yes,152.57,38.02,30.19,220.78
SHP1033,West,Road,Standard,1994.0,1680.0,33.42,1.19,No,80.0,18.39,60.26,158.65
SHP1034,South,Road,Standard,1155.0,1332.0,25.14,1.58,No,80.0,20.88,18.14,119.02
SHP1035,South,Sea,Standard,1561.0,929.0,26.88,1.22,No,80.0,20.03,46.7,146.73
SHP1036,North,Road,Standard,1895.0,2199.0,43.24,2.02,No,80.0,15.75,36.1,131.85
SHP1037,West,Rail,Express,1714.0,1011.0,12.91,2.51,No,109.3,30.88,58.55,198.73
SHP1038,North,Air,Standard,570.0,2051.0,1.52,1.7,No,80.0,17.17,12.74,109.91
SHP1039,North,Road,Standard,956.0,1126.0,22.0,1.01,No,167.72,46.82,20.59,235.13
SHP1040,East,Sea,Standard,345.0,974.0,28.23,2.11,No,80.0,22.72,6.2,108.92
SHP1041,East,Sea,Standard,1913.0,1184.0,33.6,2.34,No,80.0,16.35,40.39,136.74
SHP1042,East,Road,Standard,1252.0,788.0,16.18,0.27,Yes,171.61,32.57,40.73,244.91
SHP1043,South,Road,Standard,534.0,1882.0,35.51,2.2,No,228.6,69.71,18.65,316.96
SHP1044,West,Road,Standard,1376.0,1282.0,23.63,1.95,No,187.52,47.55,30.78,265.85
SHP1045,West,Road,Standard,1274.0,619.0,10.72,0.95,Yes,80.0,15.14,30.54,125.68
SHP1046,West,Road,Standard,781.0,2254.0,43.03,2.98,No,80.0,27.13,22.99,130.12
SHP1047,West,Rail,Standard,316.0,991.0,15.94,0.75,Yes,80.0,15.14,10.34,105.48
SHP1048,East,Rail,Standard,1376.0,1382.0,20.62,1.28,No,80.0,23.3,36.96,140.26
SHP1049,South,Road,Standard,1089.0,2271.0,44.51,1.43,No,124.97,42.16,24.86,191.99
SHP1050,South,Road,Standard,1567.0,1579.0,28.42,1.27,No,80.0,17.46,36.44,133.9
SHP1051,East,Sea,Standard,1088.0,336.0,8.77,0.05,Yes,80.0,16.22,31.46,127.68
SHP1052,South,Road,Express,1719.0,2353.0,42.15,0.16,Yes,80.0,15.95,25.9,121.85
SHP1053,East,Road,Standard,1149.0,1588.0,29.82,3.09,No,80.0,18.28,31.47,129.75
SHP1054,West,Road,Standard,1166.0,871.0,17.13,0.4,Yes,80.0,15.69,25.78,121.47
SHP1055,East,Sea,Standard,1766.0,391.0,11.88,0.16,Yes,80.0,23.26,54.54,157.8
SHP1056,West,Road,Standard,867.0,1995.0,37.7,0.0,Yes,80.0,15.2,14.62,109.82
SHP1057,West,Rail,Standard,355.0,1569.0,21.91,0.26,Yes,80.0,20.92,9.5,110.42
SHP1058,North,Air,Standard,155.0,1357.0,4.82,0.0,Yes,144.13,48.93,3.82,196.88
SHP1059,East,Road,Express,1535.0,2240.0,40.83,3.49,No,80.0,24.82,42.74,147.56
SHP1060,North,Air,Standard,1279.0,1982.0,5.39,2.26,No,480.66,133.83,20.84,635.33
SHP1061,East,Road,Standard,1438.0,422.0,9.08,0.81,Yes,115.6,26.47,38.25,180.32
SHP1062,East,Rail,Standard,505.0,814.0,13.18,3.4,No,80.0,22.39,13.25,115.64
SHP1063,North,Rail,Standard,359.0,659.0,11.1,1.88,No,80.0,21.15,9.41,110.56
SHP1064,North,Rail,Standard,128.0,1873.0,28.29,0.93,Yes,89.4,22.19,3.46,115.05
SHP1065,East,Road,Express,766.0,132.0,3.37,0.0,Yes,80.0,16.07,21.85,117.92
SHP1066,South,Air,Standard,1221.0,1446.0,4.82,3.19,No,156.56,50.39,37.97,244.92
SHP1067,West,Road,Express,845.0,1918.0,35.31,0.21,Yes,352.99,88.94,17.23,459.16
SHP1068,North,Road,Express,931.0,2198.0,41.01,0.0,Yes,80.0,16.89,29.33,126.22
SHP1069,West,Road,Standard,1818.0,888.0,17.04,2.27,No,217.69,51.99,45.39,315.07
SHP1070,South,Rail,Standard,762.0,2062.0,32.19,3.69,No,80.0,19.7,12.6,112.3
SHP1071,South,Rail,Standard,1077.0,321.0,4.77,2.28,No,80.0,24.99,17.42,122.41
SHP1072,South,Road,Standard,1589.0,2124.0,41.78,2.16,No,301.86,89.77,34.46,426.09
SHP1073,North,Rail,Standard,853.0,362.0,6.12,1.49,No,80.0,24.25,26.19,130.44
SHP1074,South,Road,Standard,1282.0,1023.0,17.88,2.1,No,275.48,50.07,37.37,362.92
SHP1075,North,Rail,Standard,1738.0,2003.0,29.77,2.01,No,159.53,39.34,53.48,252.35
SHP1076,South,Road,Standard,1904.0,417.0,7.76,1.53,No,80.0,20.56,48.26,148.82
SHP1077,West,Rail,Express,379.0,612.0,9.95,1.0,Yes,88.04,16.12,9.02,113.18
SHP1078,West,Road,Standard,1861.0,1820.0,33.31,1.54,No,215.71,47.79,33.4,296.9
SHP1079,East,Sea,Express,1035.0,1814.0,51.49,0.75,Yes,103.22,31.14,22.32,156.68
SHP1080,West,Road,Standard,591.0,1621.0,28.21,0.97,Yes,80.0,16.16,14.0,110.16
SHP1081,East,Road,Standard,972.0,1750.0,32.28,0.16,Yes,80.0,21.25,16.3,117.55
SHP1082,West,Road,Standard,1962.0,1380.0,23.18,1.15,No,80.0,17.15,38.09,135.24
SHP1083,North,Sea,Standard,1036.0,667.0,18.16,0.0,Yes,80.0,14.56,27.94,122.5
SHP1084,West,Sea,Express,725.0,897.0,26.74,0.0,Yes,91.06,19.91,21.54,132.51
SHP1085,East,Road,Express,1303.0,495.0,10.14,1.68,No,80.0,26.89,45.56,152.45
SHP1086,East,Rail,Express,556.0,2276.0,33.22,2.89,No,80.0,24.66,18.72,123.38
SHP1087,South,Air,Standard,244.0,1479.0,2.12,1.82,No,80.0,26.68,6.8,113.48
SHP1088,North,Rail,Standard,345.0,1032.0,15.69,0.0,Yes,85.47,22.06,8.08,115.61
SHP1089,West,Rail,Express,343.0,1182.0,17.08,0.0,Yes,80.0,15.8,9.51,105.31
SHP1090,South,Road,Express,389.0,2371.0,41.92,2.54,No,152.53,40.83,11.95,205.31
SHP1091,West,Road,Express,364.0,426.0,9.75,0.27,Yes,114.36,28.9,6.32,149.58
SHP1092,West,Sea,Standard,1318.0,1486.0,44.51,0.68,Yes,89.27,28.13,30.58,147.98
SHP1093,South,Sea,Standard,446.0,1289.0,37.56,1.45,No,80.0,15.66,14.18,109.84
SHP1094,South,Rail,Express,757.0,1548.0,22.35,0.0,Yes,80.0,20.65,17.17,117.82
SHP1095,South,Road,Standard,1804.0,94.0,2.96,1.36,No,116.39,23.74,47.69,187.82
SHP1096,South,Road,Express,1001.0,2187.0,37.51,0.27,Yes,81.85,18.98,26.78,127.61
SHP1097,South,Air,Express,1368.0,2334.0,3.49,0.65,Yes,220.14,65.6,25.57,311.31
SHP1098,West,Sea,Standard,427.0,1435.0,41.18,1.22,No,80.0,20.49,9.5,109.99
SHP1099,South,Sea,Express,465.0,1757.0,49.2,0.0,Yes,80.0,19.21,10.09,109.3
SHP1100,North,Air,Express,178.0,2310.0,3.42,1.69,No,150.68,36.63,2.76,190.07
SHP1101,East,Rail,Standard,421.0,1783.0,28.63,1.48,No,80.0,20.28,6.52,106.8
SHP1102,South,Road,Express,629.0,424.0,8.68,1.8,No,106.46,32.53,19.9,158.89
SHP1103,South,Road,Standard,436.0,1462.0,26.9,1.47,No,80.0,25.82,8.92,114.74
SHP1104,West,Sea,Express,269.0,1536.0,44.77,2.26,No,80.0,26.63,6.82,113.45
SHP1105,South,Rail,Standard,329.0,1089.0,18.24,1.03,No,124.37,38.05,6.9,169.32
SHP1106,South,Road,Express,975.0,1854.0,35.02,1.17,No,80.0,18.44,32.97,131.41
SHP1107,South,Road,Standard,492.0,2339.0,43.6,1.72,No,80.0,23.21,9.93,113.14
SHP1108,West,Rail,Standard,792.0,2318.0,33.34,1.79,No,80.0,20.0,18.69,118.69
SHP1109,South,Road,Express,1056.0,1155.0,22.04,1.3,No,80.0,17.66,34.27,131.93
SHP1110,East,Road,Standard,1412.0,327.0,7.42,1.54,No,80.0,25.16,44.96,150.12
SHP1111,West,Rail,Standard,175.0,2463.0,37.26,0.55,Yes,80.0,14.89,3.28,98.17
SHP1112,East,Rail,Express,1619.0,2105.0,31.03,0.84,Yes,80.0,25.94,50.27,156.21
SHP1113,West,Rail,Express,1293.0,355.0,6.53,0.0,Yes,189.57,48.12,31.24,268.93
SHP1114,South,Road,Standard,255.0,2306.0,42.28,3.35,No,80.0,22.56,6.29,108.85
SHP1115,East,Air,Standard,1760.0,2181.0,5.94,0.26,Yes,212.54,60.68,31.1,304.32
SHP1116,West,Road,Standard,1850.0,1321.0,25.26,0.56,Yes,80.0,25.86,30.73,136.59
SHP1117,North,Road,Standard,216.0,1499.0,30.74,0.53,Yes,184.44,51.99,6.38,242.81
SHP1118,South,Air,Standard,626.0,1028.0,1.75,1.79,No,90.2,25.1,15.61,130.91
SHP1119,West,Rail,Standard,1632.0,184.0,5.71,0.61,Yes,170.72,32.55,38.74,242.01
SHP1120,North,Air,Express,1522.0,871.0,1.78,2.15,No,80.0,21.04,45.04,146.08
SHP1121,West,Rail,Express,451.0,2017.0,28.23,0.58,Yes,80.0,16.32,13.67,109.99
SHP1122,North,Rail,Express,498.0,61.0,0.5,1.18,No,120.59,35.93,9.05,165.57
SHP1123,South,Road,Standard,804.0,867.0,16.38,0.41,Yes,80.0,20.96,21.87,122.83
SHP1124,East,Road,Standard,1021.0,1026.0,20.16,3.65,No,174.07,50.28,18.08,242.43
SHP1125,North,Road,Standard,1275.0,1367.0,26.48,0.06,Yes,80.0,14.93,38.29,133.22
SHP1126,West,Road,Standard,801.0,2304.0,42.2,1.91,No,215.61,41.73,22.54,279.88
SHP1127,South,Sea,Standard,979.0,899.0,26.66,1.53,No,298.26,87.87,33.42,419.55
SHP1128,North,Road,Express,1520.0,900.0,19.13,1.66,No,80.0,15.32,24.9,120.22
SHP1129,West,Sea,Standard,170.0,1857.0,56.13,1.06,No,80.0,15.31,2.74,98.05
SHP1130,West,Rail,Standard,580.0,1158.0,18.07,0.77,Yes,195.48,35.57,11.97,243.02
SHP1131,West,Air,Standard,1455.0,600.0,1.97,0.94,Yes,329.74,109.82,29.44,469.0
SHP1132,North,Rail,Express,1801.0,1158.0,16.89,0.75,Yes,80.0,23.84,35.91,139.75
SHP1133,North,Rail,Standard,1072.0,395.0,7.38,1.86,No,80.0,18.92,35.51,134.43
SHP1134,North,Road,Standard,1111.0,482.0,8.54,3.46,No,80.0,18.2,22.21,120.41
SHP1135,East,Road,Standard,304.0,1271.0,23.8,0.94,Yes,80.0,18.88,6.21,105.09
SHP1136,North,Air,Standard,950.0,1076.0,0.65,0.0,Yes,80.0,24.32,28.68,133.0
SHP1137,North,Road,Standard,1112.0,2291.0,43.13,1.51,No,80.0,22.87,26.68,129.55
SHP1138,North,Road,Express,561.0,938.0,18.03,3.83,No,80.0,16.77,17.13,113.9
SHP1139,East,Rail,Standard,612.0,1472.0,21.45,0.35,Yes,80.0,16.63,9.98,106.61
SHP1140,North,Road,Standard,817.0,1599.0,31.96,2.89,No,80.0,15.66,20.22,115.88
SHP1141,West,Sea,Standard,138.0,82.0,1.87,2.58,No,188.63,53.88,2.16,244.67
SHP1142,North,Sea,Express,712.0,1676.0,46.33,0.35,Yes,80.0,24.18,11.57,115.75
SHP1143,West,Sea,Standard,502.0,486.0,15.16,1.47,No,128.52,28.58,16.63,173.73
SHP1144,West,Road,Standard,722.0,2405.0,45.98,3.23,No,80.0,14.67,12.84,107.51
SHP1145,West,Road,Express,328.0,414.0,9.75,0.87,Yes,80.0,15.45,8.41,103.86
SHP1146,East,Sea,Express,1792.0,1066.0,30.11,0.95,Yes,123.53,41.36,41.61,206.5
SHP1147,East,Road,Express,1228.0,259.0,6.2,0.92,Yes,80.0,18.18,26.95,125.13
SHP1148,East,Sea,Express,1390.0,2492.0,71.35,0.49,Yes,89.2,27.03,45.87,162.1
SHP1149,North,Sea,Standard,1599.0,1280.0,37.36,0.25,Yes,80.0,22.4,24.68,127.08
SHP1150,West,Sea,Standard,1047.0,1509.0,45.17,0.0,Yes,86.37,20.82,29.6,136.79
SHP1151,East,Road,Express,265.0,214.0,4.87,1.53,No,80.0,17.03,9.08,106.11
SHP1152,East,Road,Standard,1121.0,1887.0,33.42,1.08,No,355.02,70.8,29.37,455.19
SHP1153,North,Sea,Standard,1215.0,564.0,18.89,1.13,No,80.0,22.27,40.99,143.26
SHP1154,East,Road,Express,1516.0,2250.0,42.77,0.29,Yes,80.0,24.32,24.32,128.64
SHP1155,North,Road,Standard,920.0,553.0,10.3,1.58,No,80.0,22.64,21.51,124.15
SHP1156,South,Rail,Standard,342.0,517.0,8.86,1.73,No,80.0,21.19,6.91,108.1
SHP1157,East,Sea,Standard,639.0,140.0,5.59,0.0,Yes,80.0,14.94,18.92,113.86
SHP1158,South,Rail,Standard,790.0,1207.0,18.56,1.27,No,171.69,57.51,27.35,256.55
SHP1159,North,Rail,Standard,1327.0,1434.0,20.83,2.13,No,221.53,68.19,26.71,316.43
SHP1160,West,Road,Standard,1184.0,211.0,4.03,0.04,Yes,80.0,18.15,33.25,131.4
SHP1161,East,Rail,Standard,777.0,1950.0,28.83,3.17,No,80.0,26.94,14.73,121.67
SHP1162,North,Sea,Standard,1974.0,1161.0,35.58,1.32,No,104.41,28.85,51.93,185.19
SHP1163,West,Road,Express,1251.0,1335.0,25.13,0.54,Yes,80.0,21.86,30.37,132.23
SHP1164,West,Rail,Standard,551.0,1130.0,16.7,0.84,Yes,95.85,28.73,18.98,143.56
SHP1165,South,Sea,Express,293.0,1032.0,30.61,1.46,No,80.0,24.79,7.96,112.75
SHP1166,North,Air,Standard,390.0,1421.0,0.5,0.98,Yes,80.0,22.8,8.58,111.38
SHP1167,West,Rail,Standard,567.0,430.0,8.52,1.44,No,203.08,40.72,9.8,253.6
SHP1168,East,Air,Express,405.0,496.0,0.5,0.23,Yes,253.54,59.36,7.3,320.2
SHP1169,East,Road,Standard,454.0,2161.0,39.86,2.02,No,80.0,26.28,8.86,115.14
SHP1170,South,Road,Express,642.0,2368.0,41.91,0.19,Yes,80.0,17.28,12.85,110.13
SHP1171,West,Air,Standard,429.0,965.0,0.93,0.79,Yes,80.0,19.16,13.73,112.89
SHP1172,North,Air,Express,1804.0,713.0,2.69,0.0,Yes,218.74,54.5,47.31,320.55
SHP1173,East,Sea,Standard,252.0,1628.0,46.95,0.41,Yes,85.75,21.46,6.42,113.63
SHP1174,West,Sea,Express,1097.0,1051.0,30.64,2.14,No,267.19,74.3,18.97,360.46
SHP1175,West,Rail,Standard,880.0,112.0,2.54,1.99,No,80.0,26.47,28.34,134.81
SHP1176,South,Rail,Express,1967.0,433.0,6.96,1.51,No,80.0,17.48,57.94,155.42
SHP1177,East,Air,Standard,313.0,1804.0,3.87,0.41,Yes,80.0,15.96,5.12,101.08
SHP1178,East,Rail,Standard,856.0,1664.0,23.23,0.83,Yes,80.0,16.93,24.96,121.89
SHP1179,North,Air,Express,1942.0,116.0,1.57,2.11,No,161.05,51.84,50.24,263.13
SHP1180,East,Air,Standard,1744.0,594.0,1.32,1.29,No,383.14,108.55,29.01,520.7
SHP1181,North,Sea,Standard,1652.0,616.0,16.73,3.22,No,80.0,18.06,39.92,137.98
SHP1182,East,Road,Standard,590.0,1696.0,31.32,1.89,No,80.0,24.84,14.57,119.41
SHP1183,South,Road,Standard,425.0,98.0,4.58,1.44,No,80.0,25.43,7.78,113.21
SHP1184,East,Road,Standard,1370.0,305.0,7.57,1.19,No,194.74,61.43,46.46,302.63
SHP1185,North,Rail,Standard,1866.0,2010.0,29.3,1.38,No,383.43,125.39,59.71,568.53
SHP1186,North,Road,Express,1158.0,487.0,8.64,1.1,No,80.0,17.63,32.86,130.49
SHP1187,South,Road,Standard,1186.0,1649.0,30.6,1.96,No,80.0,24.06,28.76,132.82
SHP1188,East,Rail,Standard,632.0,634.0,12.55,2.11,No,145.68,36.96,14.68,197.32
SHP1189,East,Road,Express,1562.0,294.0,6.0,0.71,Yes,141.09,44.4,43.77,229.26
SHP1190,South,Rail,Express,455.0,646.0,9.94,0.0,Yes,236.32,70.08,11.79,318.19
SHP1191,East,Road,Standard,715.0,1820.0,35.33,0.01,Yes,108.11,32.89,11.62,152.62
SHP1192,East,Road,Standard,908.0,2146.0,40.3,2.36,No,80.0,22.8,22.93,125.73
SHP1193,North,Air,Standard,1064.0,2084.0,3.9,0.15,Yes,210.5,43.87,33.12,287.49
SHP1194,East,Road,Standard,561.0,1023.0,19.36,0.0,Yes,158.42,42.33,13.57,214.32
SHP1195,East,Road,Standard,318.0,1687.0,31.59,1.89,No,114.95,38.8,5.1,158.85
SHP1196,South,Rail,Standard,1260.0,552.0,8.84,3.39,No,100.7,33.23,38.71,172.64
SHP1197,South,Air,Standard,648.0,768.0,3.05,0.89,Yes,192.99,36.07,12.33,241.39
SHP1198,West,Road,Standard,1204.0,2246.0,41.9,2.44,No,209.5,43.23,24.29,277.02
SHP1199,North,Rail,Express,393.0,82.0,2.25,0.98,Yes,176.84,35.56,7.19,219.59
SHP1200,East,Road,Express,1014.0,259.0,4.81,1.4,No,115.96,34.34,21.91,172.21
